lag_months,luxury,quiet_luxury,silent_luxury,minimalist_fashion,timeless_basics,capsule_wardrobe,thrift_store,second_hand_clothing,vintage_clothing,short_skirts,mini_skirts,fast_fashion,statement_pieces
0,0.335606058,0.216209932,0.061094598,0.005966714,-0.01793654,0.332259835,0.369063423,-0.185065838,-0.332941134,-0.399087247,0.019699857,0.332080479,0.070032785
3,0.338192084,0.212304713,0.067088573,0.017074082,-0.006703159,0.329159101,0.363596939,-0.177833102,-0.327720044,-0.401374572,0.041755491,0.325807378,0.089890579
6,0.33379048,0.205047972,0.056254076,0.017134745,-0.010299814,0.323058438,0.347289506,-0.160856594,-0.324328575,-0.40821614,0.042242441,0.33110377,0.093330135
9,0.326683896,0.181471978,0.048829989,0.034404624,-0.017588211,0.323639913,0.342556546,-0.192225051,-0.328363047,-0.420282536,0.044929842,0.33543861,0.067409079
12,0.329910032,0.175775224,0.060274404,0.040427775,-0.014958273,0.332442077,0.342419585,-0.188540299,-0.331697238,-0.417556036,0.020101601,0.355140388,0.060000013
