lag_months,luxury,quiet_luxury,silent_luxury,minimalist_fashion,timeless_basics,capsule_wardrobe,thrift_store,second_hand_clothing,vintage_clothing,short_skirts,mini_skirts,fast_fashion,statement_pieces
0,0.335606057873396,0.2162099317884726,0.06109459792833368,0.00596671363956526,-0.01793653990080628,0.33225983495565786,0.36906342272667136,-0.18506583796174358,-0.332941133702334,-0.39908724709149745,0.019699856850846825,0.33208047925622997,0.07003278492259392
12,0.32991003218775533,0.1757752239464,0.06027440438110087,0.040427774804631326,-0.014958272605428072,0.3324420770611822,0.3424195850738713,-0.18854029879603607,-0.3316972379633498,-0.41755603573952627,0.020101601068636038,0.35514038801830045,0.06000001265209476
24,0.4198137783524096,0.20906683635299791,0.07455675470711623,0.017760335984511728,-0.009335101000925864,0.44646866584797396,0.4147804408318234,-0.10642080255343839,-0.3508589861093739,-0.45817185324837667,0.054215135206925696,0.4363900294645817,0.042595455308698786
36,0.4907759970595169,0.5191057984565671,0.10983832877818533,-0.0471346552950909,-0.01012374078196448,0.5785095648180114,0.5801949282385435,-0.05145769472796218,-0.4060990027983502,-0.5222008325378932,0.14154512622602797,0.5264774830246274,0.10055398442374201
48,0.43858152977066833,0.52604681443312,0.16930816259706802,-0.19015939119999395,-0.036064888360872537,0.46520515056490835,0.5956801248396002,-0.04381140449943066,-0.3856660917217474,-0.5276531227389033,0.31214761905675686,0.5423541506946569,0.1281038216815449
